Stat Type,Year,Figure,Trend,,
1. Number of Fire Calls,2003,1068,1272,,
1. Number of Fire Calls,2004,1316,1357,,
1. Number of Fire Calls,2005,1216,1442,,
1. Number of Fire Calls,2006,1450,1527,,
1. Number of Fire Calls,2007,1445,1613,,
1. Number of Fire Calls,2008,1635,1698,,
1. Number of Fire Calls,2009,1603,1783,,
1. Number of Fire Calls,2010,1347,1868,,
1. Number of Fire Calls,2011,2127,1953,,
1. Number of Fire Calls,2012,2649,2039,,
1. Number of Fire Calls,2013,2624,2124,,
1. Number of Fire Calls,2014,2256,2209,,
1. Number of Fire Calls,2015,2486,2294,,
1. Number of Fire Calls,2016,3068,2380,,
1. Number of Fire Calls,2017,2830,2465,,
1. Number of Fire Calls,2018,2846,2550,,
1. Number of Fire Calls,2019,3134,2635,,
1. Number of Fire Calls,2020,2317,2720,,
1. Number of Fire Calls,2021,1696,2806,,
1. Number of Fire Calls,2022,2175,2891,,
1. Number of Fire Calls,2023,4108,2976,,
1. Number of Fire Calls,2024,2524,3061,,
1. Number of Fire Calls,2025,2889,3147,,
2. Number of Non-Fire Emergencies,2003,1199,1277,,
2. Number of Non-Fire Emergencies,2004,1500,1476,,
2. Number of Non-Fire Emergencies,2005,1692,1674,,
2. Number of Non-Fire Emergencies,2006,1531,1872,,
2. Number of Non-Fire Emergencies,2007,1850,2070,,
2. Number of Non-Fire Emergencies,2008,2154,2269,,
2. Number of Non-Fire Emergencies,2009,2477,2467,,
2. Number of Non-Fire Emergencies,2010,2474,2665,,
2. Number of Non-Fire Emergencies,2011,2760,2864,,
2. Number of Non-Fire Emergencies,2012,2880,3062,,
2. Number of Non-Fire Emergencies,2013,3717,3260,,
2. Number of Non-Fire Emergencies,2014,4413,3459,,
2. Number of Non-Fire Emergencies,2015,3732,3657,,
2. Number of Non-Fire Emergencies,2016,3585,3855,,
2. Number of Non-Fire Emergencies,2017,4470,4053,,
2. Number of Non-Fire Emergencies,2018,4701,4252,,
2. Number of Non-Fire Emergencies,2019,5714,4450,,
2. Number of Non-Fire Emergencies,2020,3839,4648,,
2. Number of Non-Fire Emergencies,2021,4488,4847,,
2. Number of Non-Fire Emergencies,2022,3865,5045,,
2. Number of Non-Fire Emergencies,2023,4968,5243,,
2. Number of Non-Fire Emergencies,2024,6424,5441,,
2. Number of Non-Fire Emergencies,2025,5113,5640,,
3(a). Number of Human Lives Lost due to Fire,2003,12,3,,
3(a). Number of Human Lives Lost due to Fire,2004,1,3,,
3(a). Number of Human Lives Lost due to Fire,2005,8,3,,
3(a). Number of Human Lives Lost due to Fire,2006,5,4,,
3(a). Number of Human Lives Lost due to Fire,2007,4,4,,
3(a). Number of Human Lives Lost due to Fire,2008,6,4,,
3(a). Number of Human Lives Lost due to Fire,2009,0,4,,
3(a). Number of Human Lives Lost due to Fire,2010,3,4,,
3(a). Number of Human Lives Lost due to Fire,2011,3,4,,
3(a). Number of Human Lives Lost due to Fire,2012,3,4,,
3(a). Number of Human Lives Lost due to Fire,2013,1,4,,
3(a). Number of Human Lives Lost due to Fire,2014,3,4,,
3(a). Number of Human Lives Lost due to Fire,2015,3,4,,
3(a). Number of Human Lives Lost due to Fire,2016,2,5,,
3(a). Number of Human Lives Lost due to Fire,2017,4,5,,
3(a). Number of Human Lives Lost due to Fire,2018,0,5,,
3(a). Number of Human Lives Lost due to Fire,2019,0,5,,
3(a). Number of Human Lives Lost due to Fire,2020,0,5,,
3(a). Number of Human Lives Lost due to Fire,2021,1,5,,
3(a). Number of Human Lives Lost due to Fire,2022,4,5,,
3(a). Number of Human Lives Lost due to Fire,2023,8,5,,
3(a). Number of Human Lives Lost due to Fire,2024,1,5,,
3(a). Number of Human Lives Lost due to Fire,2025,28,5,,
3(b). Number of Animal Lives Lost due to Fire,2003,5,20,,16
3(b). Number of Animal Lives Lost due to Fire,2004,82,20,,15.5513834
3(b). Number of Animal Lives Lost due to Fire,2005,4,19,,14.61363636
3(b). Number of Animal Lives Lost due to Fire,2006,7,18,,13.67588933
3(b). Number of Animal Lives Lost due to Fire,2007,1,17,,12.73814229
3(b). Number of Animal Lives Lost due to Fire,2008,1,16,,11.80039526
3(b). Number of Animal Lives Lost due to Fire,2009,0,15,,10.86264822
3(b). Number of Animal Lives Lost due to Fire,2010,6,14,,9.924901186
3(b). Number of Animal Lives Lost due to Fire,2011,10,13,,8.98715415
3(b). Number of Animal Lives Lost due to Fire,2012,1,12,,8.049407115
3(b). Number of Animal Lives Lost due to Fire,2013,2,11,,7.111660079
3(b). Number of Animal Lives Lost due to Fire,2014,0,10,,6.173913043
3(b). Number of Animal Lives Lost due to Fire,2015,10,9,,5.236166008
3(b). Number of Animal Lives Lost due to Fire,2016,1,8,,4.298418972
3(b). Number of Animal Lives Lost due to Fire,2017,2,7,,3.360671937
3(b). Number of Animal Lives Lost due to Fire,2018,2,6,,2.422924901
3(b). Number of Animal Lives Lost due to Fire,2019,2,5,,1.485177866
3(b). Number of Animal Lives Lost due to Fire,2020,0,5,,0.54743083
3(b). Number of Animal Lives Lost due to Fire,2021,0,4,,-0.3903162055
3(b). Number of Animal Lives Lost due to Fire,2022,1,3,,-1.328063241
3(b). Number of Animal Lives Lost due to Fire,2023,5,2,,-2.265810277
3(b). Number of Animal Lives Lost due to Fire,2024,0,1,,-3.203557312
3(b). Number of Animal Lives Lost due to Fire,2025,0,0,,-4.141304348
3(c). Number of Human Lives Lost due to other Accidents,2003,103,115,,0
3(c). Number of Human Lives Lost due to other Accidents,2004,91,115,,
3(c). Number of Human Lives Lost due to other Accidents,2005,108,115,,
3(c). Number of Human Lives Lost due to other Accidents,2006,129,115,,
3(c). Number of Human Lives Lost due to other Accidents,2007,97,115,,
3(c). Number of Human Lives Lost due to other Accidents,2008,158,114,,
3(c). Number of Human Lives Lost due to other Accidents,2009,105,114,,
3(c). Number of Human Lives Lost due to other Accidents,2010,153,114,,
3(c). Number of Human Lives Lost due to other Accidents,2011,115,114,,
3(c). Number of Human Lives Lost due to other Accidents,2012,80,114,,
3(c). Number of Human Lives Lost due to other Accidents,2013,126,113,,
3(c). Number of Human Lives Lost due to other Accidents,2014,126,113,,
3(c). Number of Human Lives Lost due to other Accidents,2015,109,113,,
3(c). Number of Human Lives Lost due to other Accidents,2016,114,113,,
3(c). Number of Human Lives Lost due to other Accidents,2017,128,112,,
3(c). Number of Human Lives Lost due to other Accidents,2018,82,112,,
3(c). Number of Human Lives Lost due to other Accidents,2019,96,112,,
3(c). Number of Human Lives Lost due to other Accidents,2020,122,112,,
3(c). Number of Human Lives Lost due to other Accidents,2021,104,112,,
3(c). Number of Human Lives Lost due to other Accidents,2022,140,111,,
3(c). Number of Human Lives Lost due to other Accidents,2023,123,111,,
3(c). Number of Human Lives Lost due to other Accidents,2024,102,111,,
3(c). Number of Human Lives Lost due to other Accidents,2025,90,111,,
3(d). Number of Animal Lives Lost due to other Accidents,2003,6,10,,
3(d). Number of Animal Lives Lost due to other Accidents,2004,10,12,,
3(d). Number of Animal Lives Lost due to other Accidents,2005,43,15,,
3(d). Number of Animal Lives Lost due to other Accidents,2006,6,17,,
3(d). Number of Animal Lives Lost due to other Accidents,2007,9,19,,
3(d). Number of Animal Lives Lost due to other Accidents,2008,17,21,,
3(d). Number of Animal Lives Lost due to other Accidents,2009,14,24,,
3(d). Number of Animal Lives Lost due to other Accidents,2010,22,26,,
3(d). Number of Animal Lives Lost due to other Accidents,2011,45,28,,
3(d). Number of Animal Lives Lost due to other Accidents,2012,28,30,,
3(d). Number of Animal Lives Lost due to other Accidents,2013,40,32,,
3(d). Number of Animal Lives Lost due to other Accidents,2014,34,35,,
3(d). Number of Animal Lives Lost due to other Accidents,2015,37,37,,
3(d). Number of Animal Lives Lost due to other Accidents,2016,45,39,,
3(d). Number of Animal Lives Lost due to other Accidents,2017,50,41,,
3(d). Number of Animal Lives Lost due to other Accidents,2018,36,43,,
3(d). Number of Animal Lives Lost due to other Accidents,2019,35,46,,
3(d). Number of Animal Lives Lost due to other Accidents,2020,35,48,,
3(d). Number of Animal Lives Lost due to other Accidents,2021,53,50,,
3(d). Number of Animal Lives Lost due to other Accidents,2022,44,52,,
3(d). Number of Animal Lives Lost due to other Accidents,2023,62,55,,
3(d). Number of Animal Lives Lost due to other Accidents,2024,64,57,,
3(d). Number of Animal Lives Lost due to other Accidents,2025,61,59,,
4(a). Number of Human Lives injured due to Fire,2003,13,12,,
4(a). Number of Human Lives injured due to Fire,2004,10,12,,
4(a). Number of Human Lives injured due to Fire,2005,7,11,,
4(a). Number of Human Lives injured due to Fire,2006,10,11,,
4(a). Number of Human Lives injured due to Fire,2007,29,10,,
4(a). Number of Human Lives injured due to Fire,2008,3,10,,
4(a). Number of Human Lives injured due to Fire,2009,5,9,,
4(a). Number of Human Lives injured due to Fire,2010,4,9,,
4(a). Number of Human Lives injured due to Fire,2011,5,8,,
4(a). Number of Human Lives injured due to Fire,2012,6,7,,
4(a). Number of Human Lives injured due to Fire,2013,15,7,,
4(a). Number of Human Lives injured due to Fire,2014,6,6,,
4(a). Number of Human Lives injured due to Fire,2015,18,6,,
4(a). Number of Human Lives injured due to Fire,2016,1,5,,
4(a). Number of Human Lives injured due to Fire,2017,1,5,,
4(a). Number of Human Lives injured due to Fire,2018,0,4,,
4(a). Number of Human Lives injured due to Fire,2019,1,4,,
4(a). Number of Human Lives injured due to Fire,2020,4,3,,
4(a). Number of Human Lives injured due to Fire,2021,1,3,,
4(a). Number of Human Lives injured due to Fire,2022,3,2,,
4(a). Number of Human Lives injured due to Fire,2023,4,1,,
4(a). Number of Human Lives injured due to Fire,2024,0,1,,
4(a). Number of Human Lives injured due to Fire,2025,1,0,,
4(b). Number of Animal Lives injured due to Fire,2003,0,2,,
4(b). Number of Animal Lives injured due to Fire,2004,0,2,,
4(b). Number of Animal Lives injured due to Fire,2005,15,2,,
4(b). Number of Animal Lives injured due to Fire,2006,0,2,,
4(b). Number of Animal Lives injured due to Fire,2007,0,2,,
4(b). Number of Animal Lives injured due to Fire,2008,0,2,,
4(b). Number of Animal Lives injured due to Fire,2009,0,2,,
4(b). Number of Animal Lives injured due to Fire,2010,4,2,,
4(b). Number of Animal Lives injured due to Fire,2011,2,2,,
4(b). Number of Animal Lives injured due to Fire,2012,0,1,,
4(b). Number of Animal Lives injured due to Fire,2013,2,1,,
4(b). Number of Animal Lives injured due to Fire,2014,0,1,,
4(b). Number of Animal Lives injured due to Fire,2015,0,1,,
4(b). Number of Animal Lives injured due to Fire,2016,0,1,,
4(b). Number of Animal Lives injured due to Fire,2017,0,1,,
4(b). Number of Animal Lives injured due to Fire,2018,0,1,,
4(b). Number of Animal Lives injured due to Fire,2019,0,1,,
4(b). Number of Animal Lives injured due to Fire,2020,1,1,,
4(b). Number of Animal Lives injured due to Fire,2021,0,0,,
4(b). Number of Animal Lives injured due to Fire,2022,5,0,,
4(b). Number of Animal Lives injured due to Fire,2023,0,0,,
4(b). Number of Animal Lives injured due to Fire,2024,0,0,,
4(b). Number of Animal Lives injured due to Fire,2025,0,0,,
4(c). Number of Human Lives injured due to other Accidents,2003,138,181,,
4(c). Number of Human Lives injured due to other Accidents,2004,159,173,,
4(c). Number of Human Lives injured due to other Accidents,2005,175,165,,
4(c). Number of Human Lives injured due to other Accidents,2006,252,157,,
4(c). Number of Human Lives injured due to other Accidents,2007,185,148,,
4(c). Number of Human Lives injured due to other Accidents,2008,204,140,,
4(c). Number of Human Lives injured due to other Accidents,2009,95,132,,
4(c). Number of Human Lives injured due to other Accidents,2010,122,124,,
4(c). Number of Human Lives injured due to other Accidents,2011,50,115,,
4(c). Number of Human Lives injured due to other Accidents,2012,38,107,,
4(c). Number of Human Lives injured due to other Accidents,2013,34,99,,
4(c). Number of Human Lives injured due to other Accidents,2014,132,91,,
4(c). Number of Human Lives injured due to other Accidents,2015,86,82,,
4(c). Number of Human Lives injured due to other Accidents,2016,66,74,,
4(c). Number of Human Lives injured due to other Accidents,2017,166,66,,
4(c). Number of Human Lives injured due to other Accidents,2018,10,58,,
4(c). Number of Human Lives injured due to other Accidents,2019,26,49,,
4(c). Number of Human Lives injured due to other Accidents,2020,34,41,,
4(c). Number of Human Lives injured due to other Accidents,2021,26,33,,
4(c). Number of Human Lives injured due to other Accidents,2022,20,24,,
4(c). Number of Human Lives injured due to other Accidents,2023,22,16,,
4(c). Number of Human Lives injured due to other Accidents,2024,26,8,,
4(c). Number of Human Lives injured due to other Accidents,2025,17,0,,
4(d). Number of Animal Lives injured due to other Accidents,2003,13,6,,
4(d). Number of Animal Lives injured due to other Accidents,2004,0,6,,
4(d). Number of Animal Lives injured due to other Accidents,2005,1,6,,
4(d). Number of Animal Lives injured due to other Accidents,2006,15,6,,
4(d). Number of Animal Lives injured due to other Accidents,2007,1,6,,
4(d). Number of Animal Lives injured due to other Accidents,2008,1,6,,
4(d). Number of Animal Lives injured due to other Accidents,2009,9,6,,
4(d). Number of Animal Lives injured due to other Accidents,2010,4,6,,
4(d). Number of Animal Lives injured due to other Accidents,2011,2,6,,
4(d). Number of Animal Lives injured due to other Accidents,2012,2,6,,
4(d). Number of Animal Lives injured due to other Accidents,2013,12,6,,
4(d). Number of Animal Lives injured due to other Accidents,2014,4,6,,
4(d). Number of Animal Lives injured due to other Accidents,2015,2,6,,
4(d). Number of Animal Lives injured due to other Accidents,2016,22,5,,
4(d). Number of Animal Lives injured due to other Accidents,2017,8,5,,
4(d). Number of Animal Lives injured due to other Accidents,2018,1,5,,
4(d). Number of Animal Lives injured due to other Accidents,2019,10,5,,
4(d). Number of Animal Lives injured due to other Accidents,2020,6,5,,
4(d). Number of Animal Lives injured due to other Accidents,2021,1,5,,
4(d). Number of Animal Lives injured due to other Accidents,2022,9,5,,
4(d). Number of Animal Lives injured due to other Accidents,2023,4,5,,
4(d). Number of Animal Lives injured due to other Accidents,2024,0,5,,
4(d). Number of Animal Lives injured due to other Accidents,2025,2,5,,
5(a). Number of Human Lives Saved due to Fires,2003,0,2,,
5(a). Number of Human Lives Saved due to Fires,2004,3,2,,
5(a). Number of Human Lives Saved due to Fires,2005,0,2,,
5(a). Number of Human Lives Saved due to Fires,2006,3,2,,
5(a). Number of Human Lives Saved due to Fires,2007,1,2,,
5(a). Number of Human Lives Saved due to Fires,2008,2,2,,
5(a). Number of Human Lives Saved due to Fires,2009,4,2,,
5(a). Number of Human Lives Saved due to Fires,2010,1,3,,
5(a). Number of Human Lives Saved due to Fires,2011,8,3,,
5(a). Number of Human Lives Saved due to Fires,2012,6,3,,
5(a). Number of Human Lives Saved due to Fires,2013,4,3,,
5(a). Number of Human Lives Saved due to Fires,2014,1,3,,
5(a). Number of Human Lives Saved due to Fires,2015,3,3,,
5(a). Number of Human Lives Saved due to Fires,2016,1,3,,
5(a). Number of Human Lives Saved due to Fires,2017,3,3,,
5(a). Number of Human Lives Saved due to Fires,2018,1,4,,
5(a). Number of Human Lives Saved due to Fires,2019,2,4,,
5(a). Number of Human Lives Saved due to Fires,2020,1,4,,
5(a). Number of Human Lives Saved due to Fires,2021,5,4,,
5(a). Number of Human Lives Saved due to Fires,2022,1,4,,
5(a). Number of Human Lives Saved due to Fires,2023,7,4,,
5(a). Number of Human Lives Saved due to Fires,2024,9,4,,
5(a). Number of Human Lives Saved due to Fires,2025,4,5,,
5(b). Number of Animal Lives Saved due to Fires,2003,1,3,,
5(b). Number of Animal Lives Saved due to Fires,2004,0,3,,
5(b). Number of Animal Lives Saved due to Fires,2005,5,3,,
5(b). Number of Animal Lives Saved due to Fires,2006,0,3,,
5(b). Number of Animal Lives Saved due to Fires,2007,20,3,,
5(b). Number of Animal Lives Saved due to Fires,2008,0,3,,
5(b). Number of Animal Lives Saved due to Fires,2009,0,3,,
5(b). Number of Animal Lives Saved due to Fires,2010,0,3,,
5(b). Number of Animal Lives Saved due to Fires,2011,6,3,,
5(b). Number of Animal Lives Saved due to Fires,2012,0,3,,
5(b). Number of Animal Lives Saved due to Fires,2013,0,3,,
5(b). Number of Animal Lives Saved due to Fires,2014,0,3,,
5(b). Number of Animal Lives Saved due to Fires,2015,4,3,,
5(b). Number of Animal Lives Saved due to Fires,2016,4,3,,
5(b). Number of Animal Lives Saved due to Fires,2017,5,3,,
5(b). Number of Animal Lives Saved due to Fires,2018,0,3,,
5(b). Number of Animal Lives Saved due to Fires,2019,2,3,,
5(b). Number of Animal Lives Saved due to Fires,2020,0,2,,
5(b). Number of Animal Lives Saved due to Fires,2021,1,2,,
5(b). Number of Animal Lives Saved due to Fires,2022,0,2,,
5(b). Number of Animal Lives Saved due to Fires,2023,10,2,,
5(b). Number of Animal Lives Saved due to Fires,2024,3,2,,
5(b). Number of Animal Lives Saved due to Fires,2025,1,2,,
5(c). Number of Human Lives Saved due to other Accidents,2003,122,116,,
5(c). Number of Human Lives Saved due to other Accidents,2004,92,121,,
5(c). Number of Human Lives Saved due to other Accidents,2005,120,126,,
5(c). Number of Human Lives Saved due to other Accidents,2006,223,131,,
5(c). Number of Human Lives Saved due to other Accidents,2007,104,135,,
5(c). Number of Human Lives Saved due to other Accidents,2008,131,140,,
5(c). Number of Human Lives Saved due to other Accidents,2009,226,145,,
5(c). Number of Human Lives Saved due to other Accidents,2010,169,149,,
5(c). Number of Human Lives Saved due to other Accidents,2011,128,154,,
5(c). Number of Human Lives Saved due to other Accidents,2012,143,159,,
5(c). Number of Human Lives Saved due to other Accidents,2013,159,164,,
5(c). Number of Human Lives Saved due to other Accidents,2014,141,168,,
5(c). Number of Human Lives Saved due to other Accidents,2015,142,173,,
5(c). Number of Human Lives Saved due to other Accidents,2016,118,178,,
5(c). Number of Human Lives Saved due to other Accidents,2017,162,182,,
5(c). Number of Human Lives Saved due to other Accidents,2018,104,187,,
5(c). Number of Human Lives Saved due to other Accidents,2019,324,192,,
5(c). Number of Human Lives Saved due to other Accidents,2020,95,197,,
5(c). Number of Human Lives Saved due to other Accidents,2021,282,201,,
5(c). Number of Human Lives Saved due to other Accidents,2022,102,206,,
5(c). Number of Human Lives Saved due to other Accidents,2023,199,211,,
5(c). Number of Human Lives Saved due to other Accidents,2024,427,215,,
5(c). Number of Human Lives Saved due to other Accidents,2025,157,220,,
5(d). Number of Animal Lives Saved due to other Accidents,2003,121,15,,
5(d). Number of Animal Lives Saved due to other Accidents,2004,114,51,,
5(d). Number of Animal Lives Saved due to other Accidents,2005,94,87,,
5(d). Number of Animal Lives Saved due to other Accidents,2006,92,123,,
5(d). Number of Animal Lives Saved due to other Accidents,2007,139,159,,
5(d). Number of Animal Lives Saved due to other Accidents,2008,163,195,,
5(d). Number of Animal Lives Saved due to other Accidents,2009,236,232,,
5(d). Number of Animal Lives Saved due to other Accidents,2010,247,268,,
5(d). Number of Animal Lives Saved due to other Accidents,2011,254,304,,
5(d). Number of Animal Lives Saved due to other Accidents,2012,320,340,,
5(d). Number of Animal Lives Saved due to other Accidents,2013,259,376,,
5(d). Number of Animal Lives Saved due to other Accidents,2014,352,412,,
5(d). Number of Animal Lives Saved due to other Accidents,2015,423,448,,
5(d). Number of Animal Lives Saved due to other Accidents,2016,540,484,,
5(d). Number of Animal Lives Saved due to other Accidents,2017,628,521,,
5(d). Number of Animal Lives Saved due to other Accidents,2018,569,557,,
5(d). Number of Animal Lives Saved due to other Accidents,2019,592,593,,
5(d). Number of Animal Lives Saved due to other Accidents,2020,585,629,,
5(d). Number of Animal Lives Saved due to other Accidents,2021,615,665,,
5(d). Number of Animal Lives Saved due to other Accidents,2022,761,701,,
5(d). Number of Animal Lives Saved due to other Accidents,2023,729,737,,
5(d). Number of Animal Lives Saved due to other Accidents,2024,807,774,,
5(d). Number of Animal Lives Saved due to other Accidents,2025,841,810,,
6. Amount of property saved from Fires and other incidents,2003,727271776,958266796,,
6. Amount of property saved from Fires and other incidents,2004,311189906,964066486,,
6. Amount of property saved from Fires and other incidents,2005,263509018,969866175,,
6. Amount of property saved from Fires and other incidents,2006,1694008896,975665865,,
6. Amount of property saved from Fires and other incidents,2007,509642507,981465554,,
6. Amount of property saved from Fires and other incidents,2008,220714125,987265244,,
6. Amount of property saved from Fires and other incidents,2009,1256966942,993064933,,
6. Amount of property saved from Fires and other incidents,2010,832673070,998864623,,
6. Amount of property saved from Fires and other incidents,2011,855227362,1004664312,,
6. Amount of property saved from Fires and other incidents,2012,4759143365,1010464002,,
6. Amount of property saved from Fires and other incidents,2013,691226897,1016263691,,
6. Amount of property saved from Fires and other incidents,2014,375242607,1022063381,,
6. Amount of property saved from Fires and other incidents,2015,2046246445,1027863070,,
6. Amount of property saved from Fires and other incidents,2016,1834855831,1033662760,,
6. Amount of property saved from Fires and other incidents,2017,392831756,1039462449,,
6. Amount of property saved from Fires and other incidents,2018,841685396,1045262139,,
6. Amount of property saved from Fires and other incidents,2019,553992470,1051061828,,
6. Amount of property saved from Fires and other incidents,2020,244535817,1056861518,,
6. Amount of property saved from Fires and other incidents,2021,518684564,1062661207,,
6. Amount of property saved from Fires and other incidents,2022,894045346,1068460897,,
6. Amount of property saved from Fires and other incidents,2023,2593996831,1074260586,,
6. Amount of property saved from Fires and other incidents,2024,427601849,1080060276,,
6. Amount of property saved from Fires and other incidents,2025,662164982,1085859965,,
7. Amount of property gutted in Fire and other incidents,2003,52419726,100996461,,
7. Amount of property gutted in Fire and other incidents,2004,69683594,112383178,,
7. Amount of property gutted in Fire and other incidents,2005,55931298,123769895,,
7. Amount of property gutted in Fire and other incidents,2006,275484941,135156612,,
7. Amount of property gutted in Fire and other incidents,2007,107410497,146543329,,
7. Amount of property gutted in Fire and other incidents,2008,59207677,157930046,,
7. Amount of property gutted in Fire and other incidents,2009,277501044,169316763,,
7. Amount of property gutted in Fire and other incidents,2010,279103850,180703480,,
7. Amount of property gutted in Fire and other incidents,2011,236660767,192090197,,
7. Amount of property gutted in Fire and other incidents,2012,151489746,203476914,,
7. Amount of property gutted in Fire and other incidents,2013,194837245,214863631,,
7. Amount of property gutted in Fire and other incidents,2014,165909901,226250348,,
7. Amount of property gutted in Fire and other incidents,2015,437745065,237637066,,
7. Amount of property gutted in Fire and other incidents,2016,181028140,249023783,,
7. Amount of property gutted in Fire and other incidents,2017,130055837,260410500,,
7. Amount of property gutted in Fire and other incidents,2018,131538593,271797217,,
7. Amount of property gutted in Fire and other incidents,2019,577818569,283183934,,
7. Amount of property gutted in Fire and other incidents,2020,218548967,294570651,,
7. Amount of property gutted in Fire and other incidents,2021,218089815,305957368,,
7. Amount of property gutted in Fire and other incidents,2022,150926791,317344085,,
7. Amount of property gutted in Fire and other incidents,2023,852366649,328730802,,
7. Amount of property gutted in Fire and other incidents,2024,178934086,340117519,,
7. Amount of property gutted in Fire and other incidents,2025,201065217,351504236,,
8. Number of Candidate trained,2003,1342,1203,,
8. Number of Candidate trained,2004,1158,1348,,
8. Number of Candidate trained,2005,1320,1493,,
8. Number of Candidate trained,2006,1365,1638,,
8. Number of Candidate trained,2007,2068,1783,,
8. Number of Candidate trained,2008,1866,1928,,
8. Number of Candidate trained,2009,1860,2073,,
8. Number of Candidate trained,2010,2954,2218,,
8. Number of Candidate trained,2011,2425,2363,,
8. Number of Candidate trained,2012,2072,2508,,
8. Number of Candidate trained,2013,2150,2653,,
8. Number of Candidate trained,2014,2315,2798,,
8. Number of Candidate trained,2015,2252,2943,,
8. Number of Candidate trained,2016,1630,3088,,
8. Number of Candidate trained,2017,1365,3232,,
8. Number of Candidate trained,2018,12997,3377,,
8. Number of Candidate trained,2019,4383,3522,,
8. Number of Candidate trained,2020,1013,3667,,
8. Number of Candidate trained,2021,2679,3812,,
8. Number of Candidate trained,2022,2091,3957,,
8. Number of Candidate trained,2023,4203,4102,,
8. Number of Candidate trained,2024,3908,4247,,
8. Number of Candidate trained,2025,4929,4392,,
9. Number of Fire Prevention Inspection Conducted,2003,929,1904,,
9. Number of Fire Prevention Inspection Conducted,2004,1670,2016,,
9. Number of Fire Prevention Inspection Conducted,2005,1786,2127,,
9. Number of Fire Prevention Inspection Conducted,2006,2023,2239,,
9. Number of Fire Prevention Inspection Conducted,2007,1971,2350,,
9. Number of Fire Prevention Inspection Conducted,2008,2558,2462,,
9. Number of Fire Prevention Inspection Conducted,2009,2133,2573,,
9. Number of Fire Prevention Inspection Conducted,2010,2398,2685,,
9. Number of Fire Prevention Inspection Conducted,2011,2018,2796,,
9. Number of Fire Prevention Inspection Conducted,2012,3391,2908,,
9. Number of Fire Prevention Inspection Conducted,2013,4035,3019,,
9. Number of Fire Prevention Inspection Conducted,2014,4479,3131,,
9. Number of Fire Prevention Inspection Conducted,2015,3893,3242,,
9. Number of Fire Prevention Inspection Conducted,2016,5005,3354,,
9. Number of Fire Prevention Inspection Conducted,2017,5309,3465,,
9. Number of Fire Prevention Inspection Conducted,2018,6974,3577,,
9. Number of Fire Prevention Inspection Conducted,2019,2895,3688,,
9. Number of Fire Prevention Inspection Conducted,2020,2236,3800,,
9. Number of Fire Prevention Inspection Conducted,2021,2391,3911,,
9. Number of Fire Prevention Inspection Conducted,2022,2216,4023,,
9. Number of Fire Prevention Inspection Conducted,2023,3068,4134,,
9. Number of Fire Prevention Inspection Conducted,2024,4365,4246,,
9. Number of Fire Prevention Inspection Conducted,2025,4267,4357,,